"mz";"intensity";"filename"
50;138;"bromoanisole"
51;472;"bromoanisole"
60;59;"bromoanisole"
61;339;"bromoanisole"
62;649;"bromoanisole"
65;388;"bromoanisole"
73;127;"bromoanisole"
74;361;"bromoanisole"
75;175;"bromoanisole"
78;89;"bromoanisole"
88;78;"bromoanisole"
90;56;"bromoanisole"
92;43;"bromoanisole"
103;53;"bromoanisole"
108;88;"bromoanisole"
111;140;"bromoanisole"
115;47;"bromoanisole"
122;999;"bromoanisole"
130;48;"bromoanisole"
131;65;"bromoanisole"
133;115;"bromoanisole"
135;738;"bromoanisole"
136;67;"bromoanisole"
137;597;"bromoanisole"
140;20;"bromoanisole"
141;92;"bromoanisole"
143;182;"bromoanisole"
144;41;"bromoanisole"
145;104;"bromoanisole"
148;14;"bromoanisole"
149;324;"bromoanisole"
150;179;"bromoanisole"
152;23;"bromoanisole"
153;30;"bromoanisole"
155;65;"bromoanisole"
159;33;"bromoanisole"
162;21;"bromoanisole"
163;617;"bromoanisole"
164;66;"bromoanisole"
175;23;"bromoanisole"
177;121;"bromoanisole"
178;7;"bromoanisole"
179;107;"bromoanisole"
182;20;"bromoanisole"
188;15;"bromoanisole"
191;59;"bromoanisole"
198;14;"bromoanisole"
206;36;"bromoanisole"
211;15;"bromoanisole"
220;15;"bromoanisole"
222;15;"bromoanisole"
223;22;"bromoanisole"
224;28;"bromoanisole"
227;8;"bromoanisole"
232;4;"bromoanisole"
233;15;"bromoanisole"
235;16;"bromoanisole"
237;14;"bromoanisole"
238;22;"bromoanisole"
243;13;"bromoanisole"
248;21;"bromoanisole"
250;18;"bromoanisole"
251;9;"bromoanisole"
252;21;"bromoanisole"
258;5;"bromoanisole"
262;15;"bromoanisole"
266;21;"bromoanisole"
271;21;"bromoanisole"
280;8;"bromoanisole"
282;10;"bromoanisole"
283;11;"bromoanisole"
290;14;"bromoanisole"
295;14;"bromoanisole"
297;8;"bromoanisole"
298;14;"bromoanisole"
300;7;"bromoanisole"
301;63;"bromoanisole"
303;52;"bromoanisole"
304;11;"bromoanisole"
305;9;"bromoanisole"
324;10;"bromoanisole"
327;14;"bromoanisole"
329;111;"bromoanisole"
331;75;"bromoanisole"
332;9;"bromoanisole"
333;35;"bromoanisole"
340;9;"bromoanisole"
342;28;"bromoanisole"
343;13;"bromoanisole"
344;94;"bromoanisole"
345;27;"bromoanisole"
346;110;"bromoanisole"
347;16;"bromoanisole"
348;55;"bromoanisole"
349;16;"bromoanisole"
366;8;"bromoanisole"
371;9;"bromoanisole"
382;8;"bromoanisole"
385;8;"bromoanisole"
390;13;"bromoanisole"
400;9;"bromoanisole"
405;7;"bromoanisole"
412;11;"bromoanisole"
419;3;"bromoanisole"
426;7;"bromoanisole"
437;7;"bromoanisole"
442;9;"bromoanisole"
455;10;"bromoanisole"
456;15;"bromoanisole"
463;7;"bromoanisole"
471;7;"bromoanisole"
477;13;"bromoanisole"
478;8;"bromoanisole"
479;10;"bromoanisole"
494;9;"bromoanisole"
501;13;"bromoanisole"
502;7;"bromoanisole"
504;7;"bromoanisole"
510;11;"bromoanisole"
511;8;"bromoanisole"
512;7;"bromoanisole"
514;7;"bromoanisole"
515;5;"bromoanisole"
525;9;"bromoanisole"
530;10;"bromoanisole"
532;11;"bromoanisole"
533;7;"bromoanisole"
535;8;"bromoanisole"
560;8;"bromoanisole"
568;13;"bromoanisole"
573;9;"bromoanisole"
574;13;"bromoanisole"
583;3;"bromoanisole"
590;7;"bromoanisole"
591;9;"bromoanisole"
600;14;"bromoanisole"
608;7;"bromoanisole"
609;3;"bromoanisole"
618;9;"bromoanisole"
623;8;"bromoanisole"
628;8;"bromoanisole"
632;7;"bromoanisole"
634;9;"bromoanisole"
635;8;"bromoanisole"
636;9;"bromoanisole"
650;8;"bromoanisole"
651;8;"bromoanisole"
661;10;"bromoanisole"
670;15;"bromoanisole"
671;8;"bromoanisole"
673;13;"bromoanisole"
679;9;"bromoanisole"
708;7;"bromoanisole"
745;3;"bromoanisole"
749;7;"bromoanisole"
758;5;"bromoanisole"
764;8;"bromoanisole"
786;7;"bromoanisole"
793;9;"bromoanisole"
50;134;"bromodibenzoylmethane"
51;404;"bromodibenzoylmethane"
52;54;"bromodibenzoylmethane"
58;9;"bromodibenzoylmethane"
64;17;"bromodibenzoylmethane"
65;89;"bromodibenzoylmethane"
69;999;"bromodibenzoylmethane"
70;21;"bromodibenzoylmethane"
76;83;"bromodibenzoylmethane"
77;754;"bromodibenzoylmethane"
78;75;"bromodibenzoylmethane"
88;6;"bromodibenzoylmethane"
89;63;"bromodibenzoylmethane"
90;13;"bromodibenzoylmethane"
105;810;"bromodibenzoylmethane"
106;57;"bromodibenzoylmethane"
118;4;"bromodibenzoylmethane"
139;6;"bromodibenzoylmethane"
147;168;"bromodibenzoylmethane"
158;13;"bromodibenzoylmethane"
164;3;"bromodibenzoylmethane"
166;6;"bromodibenzoylmethane"
178;4;"bromodibenzoylmethane"
181;5;"bromodibenzoylmethane"
191;4;"bromodibenzoylmethane"
203;2;"bromodibenzoylmethane"
210;2;"bromodibenzoylmethane"
213;2;"bromodibenzoylmethane"
223;216;"bromodibenzoylmethane"
224;173;"bromodibenzoylmethane"
260;4;"bromodibenzoylmethane"
273;2;"bromodibenzoylmethane"
278;1;"bromodibenzoylmethane"
281;2;"bromodibenzoylmethane"
282;1;"bromodibenzoylmethane"
283;1;"bromodibenzoylmethane"
310;1;"bromodibenzoylmethane"
317;1;"bromodibenzoylmethane"
318;1;"bromodibenzoylmethane"
327;2;"bromodibenzoylmethane"
410;1;"bromodibenzoylmethane"
412;1;"bromodibenzoylmethane"
415;2;"bromodibenzoylmethane"
436;1;"bromodibenzoylmethane"
439;1;"bromodibenzoylmethane"
440;1;"bromodibenzoylmethane"
466;2;"bromodibenzoylmethane"
467;1;"bromodibenzoylmethane"
477;1;"bromodibenzoylmethane"
510;1;"bromodibenzoylmethane"
521;1;"bromodibenzoylmethane"
554;1;"bromodibenzoylmethane"
556;1;"bromodibenzoylmethane"
568;1;"bromodibenzoylmethane"
581;1;"bromodibenzoylmethane"
586;1;"bromodibenzoylmethane"
591;1;"bromodibenzoylmethane"
616;3;"bromodibenzoylmethane"
660;1;"bromodibenzoylmethane"
669;2;"bromodibenzoylmethane"
722;1;"bromodibenzoylmethane"
727;1;"bromodibenzoylmethane"
734;1;"bromodibenzoylmethane"
744;1;"bromodibenzoylmethane"
745;2;"bromodibenzoylmethane"
750;1;"bromodibenzoylmethane"
753;1;"bromodibenzoylmethane"
759;2;"bromodibenzoylmethane"
773;1;"bromodibenzoylmethane"
780;1;"bromodibenzoylmethane"
786;1;"bromodibenzoylmethane"
787;1;"bromodibenzoylmethane"
50;103;"bromophenol"
53;85;"bromophenol"
56;65;"bromophenol"
60;66;"bromophenol"
61;84;"bromophenol"
62;165;"bromophenol"
63;254;"bromophenol"
64;116;"bromophenol"
65;999;"bromophenol"
66;72;"bromophenol"
73;13;"bromophenol"
74;66;"bromophenol"
75;31;"bromophenol"
76;2;"bromophenol"
86;45;"bromophenol"
87;49;"bromophenol"
88;1;"bromophenol"
92;15;"bromophenol"
93;480;"bromophenol"
94;36;"bromophenol"
99;12;"bromophenol"
100;23;"bromophenol"
110;4;"bromophenol"
114;1;"bromophenol"
116;5;"bromophenol"
117;25;"bromophenol"
118;7;"bromophenol"
119;28;"bromophenol"
121;11;"bromophenol"
124;12;"bromophenol"
125;12;"bromophenol"
127;5;"bromophenol"
133;4;"bromophenol"
135;13;"bromophenol"
139;1;"bromophenol"
141;13;"bromophenol"
143;25;"bromophenol"
144;13;"bromophenol"
145;19;"bromophenol"
146;11;"bromophenol"
148;1;"bromophenol"
151;2;"bromophenol"
155;1;"bromophenol"
166;6;"bromophenol"
170;5;"bromophenol"
171;4;"bromophenol"
172;585;"bromophenol"
173;35;"bromophenol"
174;545;"bromophenol"
175;27;"bromophenol"
176;2;"bromophenol"
268;1;"bromophenol"
687;1;"bromophenol"
706;1;"bromophenol"
715;1;"bromophenol"
783;1;"bromophenol"
50;82;"chlordane1"
51;16;"chlordane1"
52;17;"chlordane1"
54;97;"chlordane1"
55;229;"chlordane1"
56;36;"chlordane1"
57;174;"chlordane1"
58;34;"chlordane1"
60;38;"chlordane1"
61;267;"chlordane1"
62;101;"chlordane1"
65;206;"chlordane1"
71;192;"chlordane1"
72;25;"chlordane1"
73;335;"chlordane1"
74;16;"chlordane1"
75;300;"chlordane1"
82;33;"chlordane1"
83;225;"chlordane1"
84;171;"chlordane1"
85;455;"chlordane1"
86;12;"chlordane1"
87;187;"chlordane1"
89;30;"chlordane1"
90;20;"chlordane1"
94;41;"chlordane1"
96;137;"chlordane1"
97;195;"chlordane1"
98;185;"chlordane1"
99;378;"chlordane1"
100;94;"chlordane1"
101;136;"chlordane1"
102;14;"chlordane1"
103;121;"chlordane1"
107;184;"chlordane1"
108;74;"chlordane1"
113;23;"chlordane1"
114;15;"chlordane1"
119;8;"chlordane1"
120;117;"chlordane1"
122;17;"chlordane1"
123;52;"chlordane1"
124;42;"chlordane1"
125;59;"chlordane1"
126;28;"chlordane1"
127;88;"chlordane1"
128;39;"chlordane1"
132;97;"chlordane1"
133;129;"chlordane1"
138;64;"chlordane1"
141;80;"chlordane1"
143;116;"chlordane1"
144;28;"chlordane1"
145;31;"chlordane1"
147;29;"chlordane1"
148;16;"chlordane1"
157;117;"chlordane1"
160;56;"chlordane1"
163;6;"chlordane1"
167;22;"chlordane1"
168;8;"chlordane1"
169;21;"chlordane1"
170;50;"chlordane1"
173;70;"chlordane1"
181;29;"chlordane1"
182;21;"chlordane1"
193;19;"chlordane1"
194;38;"chlordane1"
195;23;"chlordane1"
196;12;"chlordane1"
198;45;"chlordane1"
201;275;"chlordane1"
203;363;"chlordane1"
205;136;"chlordane1"
206;37;"chlordane1"
207;43;"chlordane1"
208;23;"chlordane1"
213;8;"chlordane1"
214;11;"chlordane1"
217;31;"chlordane1"
227;41;"chlordane1"
229;33;"chlordane1"
230;54;"chlordane1"
231;53;"chlordane1"
232;52;"chlordane1"
236;630;"chlordane1"
237;45;"chlordane1"
238;998;"chlordane1"
239;50;"chlordane1"
240;597;"chlordane1"
241;44;"chlordane1"
242;171;"chlordane1"
243;21;"chlordane1"
244;23;"chlordane1"
245;6;"chlordane1"
249;5;"chlordane1"
251;20;"chlordane1"
252;14;"chlordane1"
264;16;"chlordane1"
266;27;"chlordane1"
267;34;"chlordane1"
268;15;"chlordane1"
279;1;"chlordane1"
289;6;"chlordane1"
301;10;"chlordane1"
302;7;"chlordane1"
304;3;"chlordane1"
317;8;"chlordane1"
335;6;"chlordane1"
339;8;"chlordane1"
352;6;"chlordane1"
371;2;"chlordane1"
373;162;"chlordane1"
374;2;"chlordane1"
375;150;"chlordane1"
376;8;"chlordane1"
377;71;"chlordane1"
379;18;"chlordane1"
380;6;"chlordane1"
388;4;"chlordane1"
397;2;"chlordane1"
406;4;"chlordane1"
409;4;"chlordane1"
410;8;"chlordane1"
412;4;"chlordane1"
422;3;"chlordane1"
425;2;"chlordane1"
437;3;"chlordane1"
441;2;"chlordane1"
455;3;"chlordane1"
462;4;"chlordane1"
468;3;"chlordane1"
474;1;"chlordane1"
478;2;"chlordane1"
482;2;"chlordane1"
506;2;"chlordane1"
510;2;"chlordane1"
533;4;"chlordane1"
562;2;"chlordane1"
568;2;"chlordane1"
597;3;"chlordane1"
600;2;"chlordane1"
625;3;"chlordane1"
665;2;"chlordane1"
678;2;"chlordane1"
706;3;"chlordane1"
716;3;"chlordane1"
740;3;"chlordane1"
742;1;"chlordane1"
799;4;"chlordane1"
55;368;"chlordane2"
65;54;"chlordane2"
67;138;"chlordane2"
69;194;"chlordane2"
70;36;"chlordane2"
71;128;"chlordane2"
80;68;"chlordane2"
82;81;"chlordane2"
83;284;"chlordane2"
102;51;"chlordane2"
103;35;"chlordane2"
108;143;"chlordane2"
109;217;"chlordane2"
118;11;"chlordane2"
120;37;"chlordane2"
133;81;"chlordane2"
134;64;"chlordane2"
143;44;"chlordane2"
152;57;"chlordane2"
158;39;"chlordane2"
159;31;"chlordane2"
160;61;"chlordane2"
164;29;"chlordane2"
166;33;"chlordane2"
167;999;"chlordane2"
168;219;"chlordane2"
169;185;"chlordane2"
170;43;"chlordane2"
171;58;"chlordane2"
180;20;"chlordane2"
181;67;"chlordane2"
182;31;"chlordane2"
183;37;"chlordane2"
185;52;"chlordane2"
188;17;"chlordane2"
192;20;"chlordane2"
193;40;"chlordane2"
194;35;"chlordane2"
195;80;"chlordane2"
196;74;"chlordane2"
197;29;"chlordane2"
198;31;"chlordane2"
200;19;"chlordane2"
201;8;"chlordane2"
202;14;"chlordane2"
203;27;"chlordane2"
204;31;"chlordane2"
205;12;"chlordane2"
206;37;"chlordane2"
207;30;"chlordane2"
208;17;"chlordane2"
216;98;"chlordane2"
217;11;"chlordane2"
224;25;"chlordane2"
230;89;"chlordane2"
231;39;"chlordane2"
232;62;"chlordane2"
234;46;"chlordane2"
237;17;"chlordane2"
258;6;"chlordane2"
259;6;"chlordane2"
262;5;"chlordane2"
265;26;"chlordane2"
267;25;"chlordane2"
269;18;"chlordane2"
272;17;"chlordane2"
302;11;"chlordane2"
303;16;"chlordane2"
305;10;"chlordane2"
316;9;"chlordane2"
325;5;"chlordane2"
335;7;"chlordane2"
337;113;"chlordane2"
338;21;"chlordane2"
339;213;"chlordane2"
340;28;"chlordane2"
341;187;"chlordane2"
342;21;"chlordane2"
343;69;"chlordane2"
344;11;"chlordane2"
345;7;"chlordane2"
347;7;"chlordane2"
363;8;"chlordane2"
371;6;"chlordane2"
373;7;"chlordane2"
377;9;"chlordane2"
412;5;"chlordane2"
423;4;"chlordane2"
468;4;"chlordane2"
473;5;"chlordane2"
484;7;"chlordane2"
485;8;"chlordane2"
495;8;"chlordane2"
510;12;"chlordane2"
532;8;"chlordane2"
543;7;"chlordane2"
547;4;"chlordane2"
557;6;"chlordane2"
567;5;"chlordane2"
576;8;"chlordane2"
590;6;"chlordane2"
643;5;"chlordane2"
683;10;"chlordane2"
746;6;"chlordane2"
753;7;"chlordane2"
758;8;"chlordane2"
760;10;"chlordane2"
761;4;"chlordane2"
762;7;"chlordane2"
771;9;"chlordane2"
782;7;"chlordane2"
792;5;"chlordane2"
795;8;"chlordane2"
50;21;"chloroanisole"
60;998;"chloroanisole"
61;22;"chloroanisole"
73;164;"chloroanisole"
74;19;"chloroanisole"
85;186;"chloroanisole"
100;276;"chloroanisole"
101;102;"chloroanisole"
102;60;"chloroanisole"
111;291;"chloroanisole"
114;65;"chloroanisole"
117;76;"chloroanisole"
127;108;"chloroanisole"
128;42;"chloroanisole"
129;29;"chloroanisole"
138;29;"chloroanisole"
142;487;"chloroanisole"
143;23;"chloroanisole"
144;276;"chloroanisole"
145;35;"chloroanisole"
152;40;"chloroanisole"
157;47;"chloroanisole"
165;28;"chloroanisole"
182;26;"chloroanisole"
193;19;"chloroanisole"
194;9;"chloroanisole"
199;23;"chloroanisole"
208;9;"chloroanisole"
221;4;"chloroanisole"
223;17;"chloroanisole"
233;6;"chloroanisole"
239;23;"chloroanisole"
240;7;"chloroanisole"
243;4;"chloroanisole"
245;4;"chloroanisole"
250;5;"chloroanisole"
262;4;"chloroanisole"
264;5;"chloroanisole"
283;5;"chloroanisole"
289;6;"chloroanisole"
292;2;"chloroanisole"
296;3;"chloroanisole"
301;6;"chloroanisole"
320;2;"chloroanisole"
328;3;"chloroanisole"
370;4;"chloroanisole"
373;5;"chloroanisole"
383;2;"chloroanisole"
384;4;"chloroanisole"
385;3;"chloroanisole"
410;4;"chloroanisole"
415;5;"chloroanisole"
429;3;"chloroanisole"
449;2;"chloroanisole"
458;6;"chloroanisole"
463;3;"chloroanisole"
464;2;"chloroanisole"
492;4;"chloroanisole"
506;1;"chloroanisole"
520;3;"chloroanisole"
521;6;"chloroanisole"
580;2;"chloroanisole"
597;4;"chloroanisole"
619;5;"chloroanisole"
627;5;"chloroanisole"
630;3;"chloroanisole"
631;4;"chloroanisole"
635;4;"chloroanisole"
649;5;"chloroanisole"
651;1;"chloroanisole"
666;2;"chloroanisole"
671;3;"chloroanisole"
676;4;"chloroanisole"
700;1;"chloroanisole"
719;5;"chloroanisole"
726;6;"chloroanisole"
731;3;"chloroanisole"
739;5;"chloroanisole"
756;3;"chloroanisole"
760;4;"chloroanisole"
761;5;"chloroanisole"
770;4;"chloroanisole"
780;4;"chloroanisole"
781;6;"chloroanisole"
790;4;"chloroanisole"
791;4;"chloroanisole"
792;3;"chloroanisole"
51;179;"chlorocatechol"
60;37;"chlorocatechol"
61;18;"chlorocatechol"
63;148;"chlorocatechol"
66;86;"chlorocatechol"
73;164;"chlorocatechol"
75;23;"chlorocatechol"
76;10;"chlorocatechol"
84;64;"chlorocatechol"
87;58;"chlorocatechol"
88;27;"chlorocatechol"
89;227;"chlorocatechol"
90;12;"chlorocatechol"
96;47;"chlorocatechol"
97;177;"chlorocatechol"
98;109;"chlorocatechol"
99;132;"chlorocatechol"
100;28;"chlorocatechol"
104;13;"chlorocatechol"
112;66;"chlorocatechol"
113;40;"chlorocatechol"
114;13;"chlorocatechol"
115;207;"chlorocatechol"
116;26;"chlorocatechol"
117;58;"chlorocatechol"
121;15;"chlorocatechol"
125;35;"chlorocatechol"
126;31;"chlorocatechol"
127;26;"chlorocatechol"
128;19;"chlorocatechol"
129;82;"chlorocatechol"
132;9;"chlorocatechol"
133;29;"chlorocatechol"
134;33;"chlorocatechol"
138;13;"chlorocatechol"
139;25;"chlorocatechol"
140;71;"chlorocatechol"
143;54;"chlorocatechol"
144;998;"chlorocatechol"
145;90;"chlorocatechol"
146;320;"chlorocatechol"
147;82;"chlorocatechol"
148;5;"chlorocatechol"
153;8;"chlorocatechol"
154;20;"chlorocatechol"
158;9;"chlorocatechol"
169;5;"chlorocatechol"
171;22;"chlorocatechol"
173;2;"chlorocatechol"
175;6;"chlorocatechol"
186;102;"chlorocatechol"
187;8;"chlorocatechol"
188;35;"chlorocatechol"
189;6;"chlorocatechol"
221;3;"chlorocatechol"
305;2;"chlorocatechol"
316;3;"chlorocatechol"
336;1;"chlorocatechol"
337;3;"chlorocatechol"
338;2;"chlorocatechol"
355;4;"chlorocatechol"
356;3;"chlorocatechol"
408;2;"chlorocatechol"
432;2;"chlorocatechol"
442;2;"chlorocatechol"
564;2;"chlorocatechol"
575;1;"chlorocatechol"
648;2;"chlorocatechol"
675;2;"chlorocatechol"
682;1;"chlorocatechol"
761;2;"chlorocatechol"
778;3;"chlorocatechol"
782;1;"chlorocatechol"
790;2;"chlorocatechol"
50;107;"chlorocatecholisomer"
51;238;"chlorocatecholisomer"
57;357;"chlorocatecholisomer"
62;54;"chlorocatecholisomer"
63;131;"chlorocatecholisomer"
74;25;"chlorocatecholisomer"
87;76;"chlorocatecholisomer"
98;44;"chlorocatecholisomer"
103;20;"chlorocatecholisomer"
115;172;"chlorocatecholisomer"
116;60;"chlorocatecholisomer"
120;4;"chlorocatecholisomer"
129;22;"chlorocatecholisomer"
134;3;"chlorocatecholisomer"
144;998;"chlorocatecholisomer"
145;48;"chlorocatecholisomer"
146;223;"chlorocatecholisomer"
154;10;"chlorocatecholisomer"
155;24;"chlorocatecholisomer"
178;9;"chlorocatecholisomer"
185;3;"chlorocatecholisomer"
192;3;"chlorocatecholisomer"
200;81;"chlorocatecholisomer"
201;9;"chlorocatecholisomer"
202;28;"chlorocatecholisomer"
204;15;"chlorocatecholisomer"
205;4;"chlorocatecholisomer"
208;2;"chlorocatecholisomer"
224;2;"chlorocatecholisomer"
225;2;"chlorocatecholisomer"
233;4;"chlorocatecholisomer"
238;2;"chlorocatecholisomer"
266;1;"chlorocatecholisomer"
293;2;"chlorocatecholisomer"
300;3;"chlorocatecholisomer"
307;3;"chlorocatecholisomer"
309;3;"chlorocatecholisomer"
376;2;"chlorocatecholisomer"
392;1;"chlorocatecholisomer"
412;2;"chlorocatecholisomer"
423;2;"chlorocatecholisomer"
431;2;"chlorocatecholisomer"
437;2;"chlorocatecholisomer"
440;1;"chlorocatecholisomer"
442;1;"chlorocatecholisomer"
485;2;"chlorocatecholisomer"
489;2;"chlorocatecholisomer"
491;4;"chlorocatecholisomer"
503;1;"chlorocatecholisomer"
512;1;"chlorocatecholisomer"
518;2;"chlorocatecholisomer"
537;1;"chlorocatecholisomer"
555;1;"chlorocatecholisomer"
632;1;"chlorocatecholisomer"
654;1;"chlorocatecholisomer"
692;2;"chlorocatecholisomer"
694;2;"chlorocatecholisomer"
704;1;"chlorocatecholisomer"
775;2;"chlorocatecholisomer"
777;1;"chlorocatecholisomer"
779;1;"chlorocatecholisomer"
786;1;"chlorocatecholisomer"
791;1;"chlorocatecholisomer"
50;190;"cypermethrin"
51;571;"cypermethrin"
55;471;"cypermethrin"
62;64;"cypermethrin"
63;193;"cypermethrin"
65;398;"cypermethrin"
66;108;"cypermethrin"
69;200;"cypermethrin"
76;94;"cypermethrin"
77;615;"cypermethrin"
79;439;"cypermethrin"
80;140;"cypermethrin"
84;29;"cypermethrin"
88;65;"cypermethrin"
90;11;"cypermethrin"
91;904;"cypermethrin"
92;168;"cypermethrin"
93;85;"cypermethrin"
94;138;"cypermethrin"
96;73;"cypermethrin"
97;181;"cypermethrin"
101;33;"cypermethrin"
104;112;"cypermethrin"
106;86;"cypermethrin"
108;23;"cypermethrin"
109;143;"cypermethrin"
111;56;"cypermethrin"
113;27;"cypermethrin"
114;77;"cypermethrin"
115;183;"cypermethrin"
116;79;"cypermethrin"
123;65;"cypermethrin"
124;47;"cypermethrin"
125;60;"cypermethrin"
126;16;"cypermethrin"
127;643;"cypermethrin"
128;103;"cypermethrin"
139;12;"cypermethrin"
144;50;"cypermethrin"
146;71;"cypermethrin"
152;109;"cypermethrin"
153;84;"cypermethrin"
154;19;"cypermethrin"
155;73;"cypermethrin"
163;998;"cypermethrin"
164;33;"cypermethrin"
165;570;"cypermethrin"
169;56;"cypermethrin"
174;23;"cypermethrin"
177;9;"cypermethrin"
178;54;"cypermethrin"
180;106;"cypermethrin"
181;572;"cypermethrin"
182;81;"cypermethrin"
186;14;"cypermethrin"
189;60;"cypermethrin"
191;23;"cypermethrin"
192;7;"cypermethrin"
193;27;"cypermethrin"
195;17;"cypermethrin"
198;18;"cypermethrin"
205;9;"cypermethrin"
206;23;"cypermethrin"
207;42;"cypermethrin"
208;66;"cypermethrin"
209;63;"cypermethrin"
210;17;"cypermethrin"
213;90;"cypermethrin"
214;10;"cypermethrin"
215;15;"cypermethrin"
219;25;"cypermethrin"
227;13;"cypermethrin"
229;23;"cypermethrin"
231;30;"cypermethrin"
242;13;"cypermethrin"
249;7;"cypermethrin"
254;8;"cypermethrin"
263;12;"cypermethrin"
265;6;"cypermethrin"
271;16;"cypermethrin"
275;7;"cypermethrin"
277;10;"cypermethrin"
283;6;"cypermethrin"
289;8;"cypermethrin"
290;8;"cypermethrin"
302;8;"cypermethrin"
304;7;"cypermethrin"
311;13;"cypermethrin"
316;16;"cypermethrin"
317;5;"cypermethrin"
318;16;"cypermethrin"
321;7;"cypermethrin"
329;8;"cypermethrin"
333;8;"cypermethrin"
336;9;"cypermethrin"
340;11;"cypermethrin"
342;6;"cypermethrin"
347;12;"cypermethrin"
353;11;"cypermethrin"
354;11;"cypermethrin"
356;12;"cypermethrin"
360;8;"cypermethrin"
361;9;"cypermethrin"
369;14;"cypermethrin"
381;5;"cypermethrin"
383;6;"cypermethrin"
386;28;"cypermethrin"
387;14;"cypermethrin"
390;7;"cypermethrin"
391;7;"cypermethrin"
392;8;"cypermethrin"
399;7;"cypermethrin"
404;7;"cypermethrin"
415;5;"cypermethrin"
420;5;"cypermethrin"
430;9;"cypermethrin"
431;6;"cypermethrin"
437;12;"cypermethrin"
438;9;"cypermethrin"
439;7;"cypermethrin"
452;8;"cypermethrin"
455;7;"cypermethrin"
456;8;"cypermethrin"
457;4;"cypermethrin"
460;10;"cypermethrin"
461;6;"cypermethrin"
465;7;"cypermethrin"
466;11;"cypermethrin"
469;5;"cypermethrin"
471;10;"cypermethrin"
472;11;"cypermethrin"
474;5;"cypermethrin"
480;9;"cypermethrin"
484;5;"cypermethrin"
486;8;"cypermethrin"
493;8;"cypermethrin"
498;9;"cypermethrin"
499;5;"cypermethrin"
504;5;"cypermethrin"
508;7;"cypermethrin"
515;4;"cypermethrin"
518;6;"cypermethrin"
521;5;"cypermethrin"
523;5;"cypermethrin"
528;7;"cypermethrin"
534;11;"cypermethrin"
545;5;"cypermethrin"
548;5;"cypermethrin"
549;5;"cypermethrin"
551;5;"cypermethrin"
558;5;"cypermethrin"
559;6;"cypermethrin"
561;6;"cypermethrin"
564;7;"cypermethrin"
565;5;"cypermethrin"
569;10;"cypermethrin"
571;5;"cypermethrin"
577;4;"cypermethrin"
578;6;"cypermethrin"
585;10;"cypermethrin"
586;6;"cypermethrin"
587;7;"cypermethrin"
589;5;"cypermethrin"
590;4;"cypermethrin"
593;8;"cypermethrin"
599;5;"cypermethrin"
605;10;"cypermethrin"
615;7;"cypermethrin"
621;7;"cypermethrin"
625;5;"cypermethrin"
653;5;"cypermethrin"
656;7;"cypermethrin"
657;8;"cypermethrin"
660;8;"cypermethrin"
665;7;"cypermethrin"
683;5;"cypermethrin"
685;6;"cypermethrin"
688;8;"cypermethrin"
694;5;"cypermethrin"
695;12;"cypermethrin"
711;4;"cypermethrin"
723;12;"cypermethrin"
724;6;"cypermethrin"
725;6;"cypermethrin"
726;7;"cypermethrin"
730;6;"cypermethrin"
731;6;"cypermethrin"
735;6;"cypermethrin"
741;6;"cypermethrin"
744;13;"cypermethrin"
745;5;"cypermethrin"
746;6;"cypermethrin"
753;5;"cypermethrin"
773;4;"cypermethrin"
777;8;"cypermethrin"
796;4;"cypermethrin"
799;6;"cypermethrin"
50;572;"ddtrelated1"
51;364;"ddtrelated1"
61;94;"ddtrelated1"
62;32;"ddtrelated1"
63;24;"ddtrelated1"
64;5;"ddtrelated1"
73;414;"ddtrelated1"
74;398;"ddtrelated1"
75;630;"ddtrelated1"
76;185;"ddtrelated1"
77;408;"ddtrelated1"
83;79;"ddtrelated1"
84;36;"ddtrelated1"
86;36;"ddtrelated1"
91;80;"ddtrelated1"
92;21;"ddtrelated1"
98;57;"ddtrelated1"
111;737;"ddtrelated1"
112;118;"ddtrelated1"
113;265;"ddtrelated1"
114;33;"ddtrelated1"
115;13;"ddtrelated1"
123;7;"ddtrelated1"
132;3;"ddtrelated1"
134;23;"ddtrelated1"
135;7;"ddtrelated1"
138;5;"ddtrelated1"
139;999;"ddtrelated1"
140;803;"ddtrelated1"
141;387;"ddtrelated1"
142;236;"ddtrelated1"
143;19;"ddtrelated1"
147;85;"ddtrelated1"
148;9;"ddtrelated1"
149;4;"ddtrelated1"
151;3;"ddtrelated1"
174;4;"ddtrelated1"
221;1;"ddtrelated1"
222;2;"ddtrelated1"
224;3;"ddtrelated1"
237;2;"ddtrelated1"
249;3;"ddtrelated1"
251;3;"ddtrelated1"
253;3;"ddtrelated1"
265;6;"ddtrelated1"
269;11;"ddtrelated1"
270;3;"ddtrelated1"
281;43;"ddtrelated1"
282;4;"ddtrelated1"
283;10;"ddtrelated1"
294;2;"ddtrelated1"
297;2;"ddtrelated1"
315;3;"ddtrelated1"
323;2;"ddtrelated1"
327;21;"ddtrelated1"
328;15;"ddtrelated1"
341;12;"ddtrelated1"
342;4;"ddtrelated1"
343;4;"ddtrelated1"
380;1;"ddtrelated1"
399;1;"ddtrelated1"
400;3;"ddtrelated1"
411;4;"ddtrelated1"
412;2;"ddtrelated1"
415;7;"ddtrelated1"
460;3;"ddtrelated1"
464;4;"ddtrelated1"
503;3;"ddtrelated1"
504;6;"ddtrelated1"
505;1;"ddtrelated1"
517;2;"ddtrelated1"
550;1;"ddtrelated1"
557;2;"ddtrelated1"
559;2;"ddtrelated1"
616;2;"ddtrelated1"
634;2;"ddtrelated1"
658;2;"ddtrelated1"
667;2;"ddtrelated1"
692;2;"ddtrelated1"
715;2;"ddtrelated1"
717;2;"ddtrelated1"
725;1;"ddtrelated1"
736;2;"ddtrelated1"
743;2;"ddtrelated1"
754;2;"ddtrelated1"
759;3;"ddtrelated1"
775;2;"ddtrelated1"
777;2;"ddtrelated1"
788;3;"ddtrelated1"
790;2;"ddtrelated1"
50;106;"ddtrelated2"
54;112;"ddtrelated2"
59;337;"ddtrelated2"
66;38;"ddtrelated2"
71;300;"ddtrelated2"
74;96;"ddtrelated2"
75;387;"ddtrelated2"
80;72;"ddtrelated2"
103;41;"ddtrelated2"
108;19;"ddtrelated2"
110;67;"ddtrelated2"
111;544;"ddtrelated2"
112;112;"ddtrelated2"
113;183;"ddtrelated2"
118;112;"ddtrelated2"
119;48;"ddtrelated2"
120;33;"ddtrelated2"
124;48;"ddtrelated2"
133;32;"ddtrelated2"
134;21;"ddtrelated2"
136;22;"ddtrelated2"
137;81;"ddtrelated2"
139;998;"ddtrelated2"
140;91;"ddtrelated2"
141;319;"ddtrelated2"
142;27;"ddtrelated2"
148;17;"ddtrelated2"
152;42;"ddtrelated2"
153;10;"ddtrelated2"
162;5;"ddtrelated2"
168;102;"ddtrelated2"
170;32;"ddtrelated2"
172;14;"ddtrelated2"
180;3;"ddtrelated2"
237;3;"ddtrelated2"
270;5;"ddtrelated2"
281;10;"ddtrelated2"
304;4;"ddtrelated2"
339;3;"ddtrelated2"
379;2;"ddtrelated2"
445;2;"ddtrelated2"
483;2;"ddtrelated2"
486;2;"ddtrelated2"
493;1;"ddtrelated2"
508;3;"ddtrelated2"
514;2;"ddtrelated2"
518;3;"ddtrelated2"
519;2;"ddtrelated2"
522;4;"ddtrelated2"
536;3;"ddtrelated2"
557;3;"ddtrelated2"
575;2;"ddtrelated2"
579;3;"ddtrelated2"
610;3;"ddtrelated2"
611;2;"ddtrelated2"
626;2;"ddtrelated2"
639;1;"ddtrelated2"
648;2;"ddtrelated2"
660;3;"ddtrelated2"
661;2;"ddtrelated2"
668;3;"ddtrelated2"
669;4;"ddtrelated2"
671;2;"ddtrelated2"
684;4;"ddtrelated2"
688;2;"ddtrelated2"
691;3;"ddtrelated2"
712;2;"ddtrelated2"
729;2;"ddtrelated2"
736;2;"ddtrelated2"
745;2;"ddtrelated2"
764;2;"ddtrelated2"
770;2;"ddtrelated2"
777;3;"ddtrelated2"
790;2;"ddtrelated2"
795;4;"ddtrelated2"
798;2;"ddtrelated2"
62;116;"ddtrelated3"
63;180;"ddtrelated3"
64;33;"ddtrelated3"
75;365;"ddtrelated3"
76;127;"ddtrelated3"
88;160;"ddtrelated3"
89;147;"ddtrelated3"
101;288;"ddtrelated3"
102;172;"ddtrelated3"
142;99;"ddtrelated3"
157;76;"ddtrelated3"
163;189;"ddtrelated3"
164;193;"ddtrelated3"
165;931;"ddtrelated3"
177;278;"ddtrelated3"
178;147;"ddtrelated3"
199;274;"ddtrelated3"
200;185;"ddtrelated3"
201;70;"ddtrelated3"
202;46;"ddtrelated3"
203;55;"ddtrelated3"
211;19;"ddtrelated3"
212;47;"ddtrelated3"
214;27;"ddtrelated3"
218;42;"ddtrelated3"
225;15;"ddtrelated3"
227;22;"ddtrelated3"
234;11;"ddtrelated3"
235;998;"ddtrelated3"
236;158;"ddtrelated3"
237;608;"ddtrelated3"
238;90;"ddtrelated3"
239;47;"ddtrelated3"
242;30;"ddtrelated3"
244;25;"ddtrelated3"
250;18;"ddtrelated3"
252;9;"ddtrelated3"
269;9;"ddtrelated3"
271;15;"ddtrelated3"
274;30;"ddtrelated3"
285;23;"ddtrelated3"
286;49;"ddtrelated3"
288;21;"ddtrelated3"
290;19;"ddtrelated3"
293;13;"ddtrelated3"
294;7;"ddtrelated3"
304;11;"ddtrelated3"
321;7;"ddtrelated3"
327;26;"ddtrelated3"
330;18;"ddtrelated3"
336;9;"ddtrelated3"
344;7;"ddtrelated3"
377;9;"ddtrelated3"
410;13;"ddtrelated3"
420;6;"ddtrelated3"
422;9;"ddtrelated3"
430;10;"ddtrelated3"
440;6;"ddtrelated3"
441;7;"ddtrelated3"
515;13;"ddtrelated3"
538;7;"ddtrelated3"
539;9;"ddtrelated3"
542;11;"ddtrelated3"
554;7;"ddtrelated3"
556;7;"ddtrelated3"
573;9;"ddtrelated3"
575;7;"ddtrelated3"
584;13;"ddtrelated3"
592;10;"ddtrelated3"
603;9;"ddtrelated3"
635;7;"ddtrelated3"
651;7;"ddtrelated3"
678;6;"ddtrelated3"
701;7;"ddtrelated3"
707;6;"ddtrelated3"
721;7;"ddtrelated3"
731;6;"ddtrelated3"
740;11;"ddtrelated3"
743;9;"ddtrelated3"
751;7;"ddtrelated3"
766;10;"ddtrelated3"
767;7;"ddtrelated3"
790;10;"ddtrelated3"
800;9;"ddtrelated3"
50;203;"ddtrelated4"
51;129;"ddtrelated4"
52;5;"ddtrelated4"
56;12;"ddtrelated4"
57;53;"ddtrelated4"
61;100;"ddtrelated4"
62;108;"ddtrelated4"
63;98;"ddtrelated4"
64;7;"ddtrelated4"
70;14;"ddtrelated4"
72;15;"ddtrelated4"
73;92;"ddtrelated4"
74;400;"ddtrelated4"
75;330;"ddtrelated4"
76;57;"ddtrelated4"
84;46;"ddtrelated4"
85;69;"ddtrelated4"
86;132;"ddtrelated4"
87;358;"ddtrelated4"
88;126;"ddtrelated4"
89;12;"ddtrelated4"
92;59;"ddtrelated4"
93;45;"ddtrelated4"
97;78;"ddtrelated4"
98;178;"ddtrelated4"
99;188;"ddtrelated4"
100;42;"ddtrelated4"
101;70;"ddtrelated4"
102;19;"ddtrelated4"
103;4;"ddtrelated4"
104;4;"ddtrelated4"
105;493;"ddtrelated4"
106;146;"ddtrelated4"
107;33;"ddtrelated4"
108;27;"ddtrelated4"
109;51;"ddtrelated4"
110;56;"ddtrelated4"
111;86;"ddtrelated4"
112;29;"ddtrelated4"
118;5;"ddtrelated4"
120;3;"ddtrelated4"
121;9;"ddtrelated4"
122;142;"ddtrelated4"
123;234;"ddtrelated4"
124;120;"ddtrelated4"
126;25;"ddtrelated4"
129;12;"ddtrelated4"
130;2;"ddtrelated4"
131;7;"ddtrelated4"
132;10;"ddtrelated4"
133;37;"ddtrelated4"
134;34;"ddtrelated4"
135;55;"ddtrelated4"
136;64;"ddtrelated4"
137;43;"ddtrelated4"
138;25;"ddtrelated4"
139;6;"ddtrelated4"
140;82;"ddtrelated4"
141;107;"ddtrelated4"
142;45;"ddtrelated4"
143;17;"ddtrelated4"
144;2;"ddtrelated4"
145;11;"ddtrelated4"
146;11;"ddtrelated4"
147;9;"ddtrelated4"
148;10;"ddtrelated4"
149;65;"ddtrelated4"
150;81;"ddtrelated4"
151;23;"ddtrelated4"
152;7;"ddtrelated4"
155;7;"ddtrelated4"
158;12;"ddtrelated4"
159;20;"ddtrelated4"
160;23;"ddtrelated4"
161;15;"ddtrelated4"
162;20;"ddtrelated4"
163;10;"ddtrelated4"
170;24;"ddtrelated4"
171;5;"ddtrelated4"
172;28;"ddtrelated4"
173;27;"ddtrelated4"
174;166;"ddtrelated4"
175;161;"ddtrelated4"
176;368;"ddtrelated4"
177;64;"ddtrelated4"
178;10;"ddtrelated4"
180;5;"ddtrelated4"
182;7;"ddtrelated4"
184;27;"ddtrelated4"
185;41;"ddtrelated4"
186;21;"ddtrelated4"
187;10;"ddtrelated4"
188;4;"ddtrelated4"
196;3;"ddtrelated4"
208;7;"ddtrelated4"
209;15;"ddtrelated4"
210;228;"ddtrelated4"
211;79;"ddtrelated4"
212;94;"ddtrelated4"
213;28;"ddtrelated4"
218;4;"ddtrelated4"
222;3;"ddtrelated4"
233;16;"ddtrelated4"
235;11;"ddtrelated4"
240;1;"ddtrelated4"
244;6;"ddtrelated4"
245;29;"ddtrelated4"
246;998;"ddtrelated4"
247;217;"ddtrelated4"
248;631;"ddtrelated4"
249;120;"ddtrelated4"
250;107;"ddtrelated4"
251;16;"ddtrelated4"
262;1;"ddtrelated4"
264;1;"ddtrelated4"
269;8;"ddtrelated4"
271;2;"ddtrelated4"
273;2;"ddtrelated4"
278;2;"ddtrelated4"
280;23;"ddtrelated4"
281;109;"ddtrelated4"
282;56;"ddtrelated4"
283;121;"ddtrelated4"
284;34;"ddtrelated4"
285;28;"ddtrelated4"
287;2;"ddtrelated4"
300;1;"ddtrelated4"
304;1;"ddtrelated4"
316;192;"ddtrelated4"
317;29;"ddtrelated4"
318;221;"ddtrelated4"
319;38;"ddtrelated4"
320;123;"ddtrelated4"
321;15;"ddtrelated4"
322;21;"ddtrelated4"
323;1;"ddtrelated4"
333;1;"ddtrelated4"
359;1;"ddtrelated4"
365;1;"ddtrelated4"
384;1;"ddtrelated4"
404;1;"ddtrelated4"
452;1;"ddtrelated4"
493;1;"ddtrelated4"
495;1;"ddtrelated4"
497;1;"ddtrelated4"
535;1;"ddtrelated4"
650;1;"ddtrelated4"
703;1;"ddtrelated4"
714;1;"ddtrelated4"
749;1;"ddtrelated4"
770;1;"ddtrelated4"
778;1;"ddtrelated4"
790;1;"ddtrelated4"
50;399;"dichlorodiphenylsulfone"
51;82;"dichlorodiphenylsulfone"
58;20;"dichlorodiphenylsulfone"
64;18;"dichlorodiphenylsulfone"
65;47;"dichlorodiphenylsulfone"
74;146;"dichlorodiphenylsulfone"
75;678;"dichlorodiphenylsulfone"
76;78;"dichlorodiphenylsulfone"
85;57;"dichlorodiphenylsulfone"
87;81;"dichlorodiphenylsulfone"
89;25;"dichlorodiphenylsulfone"
96;18;"dichlorodiphenylsulfone"
99;107;"dichlorodiphenylsulfone"
101;11;"dichlorodiphenylsulfone"
108;29;"dichlorodiphenylsulfone"
110;22;"dichlorodiphenylsulfone"
111;436;"dichlorodiphenylsulfone"
112;17;"dichlorodiphenylsulfone"
113;115;"dichlorodiphenylsulfone"
114;24;"dichlorodiphenylsulfone"
131;154;"dichlorodiphenylsulfone"
133;133;"dichlorodiphenylsulfone"
134;23;"dichlorodiphenylsulfone"
149;28;"dichlorodiphenylsulfone"
150;33;"dichlorodiphenylsulfone"
152;30;"dichlorodiphenylsulfone"
159;998;"dichlorodiphenylsulfone"
160;30;"dichlorodiphenylsulfone"
161;223;"dichlorodiphenylsulfone"
167;15;"dichlorodiphenylsulfone"
176;7;"dichlorodiphenylsulfone"
178;13;"dichlorodiphenylsulfone"
185;13;"dichlorodiphenylsulfone"
186;25;"dichlorodiphenylsulfone"
193;13;"dichlorodiphenylsulfone"
222;6;"dichlorodiphenylsulfone"
243;9;"dichlorodiphenylsulfone"
286;51;"dichlorodiphenylsulfone"
288;25;"dichlorodiphenylsulfone"
321;7;"dichlorodiphenylsulfone"
323;5;"dichlorodiphenylsulfone"
355;7;"dichlorodiphenylsulfone"
358;11;"dichlorodiphenylsulfone"
396;7;"dichlorodiphenylsulfone"
422;7;"dichlorodiphenylsulfone"
430;6;"dichlorodiphenylsulfone"
442;5;"dichlorodiphenylsulfone"
444;9;"dichlorodiphenylsulfone"
463;5;"dichlorodiphenylsulfone"
469;5;"dichlorodiphenylsulfone"
503;6;"dichlorodiphenylsulfone"
533;4;"dichlorodiphenylsulfone"
535;6;"dichlorodiphenylsulfone"
567;5;"dichlorodiphenylsulfone"
641;5;"dichlorodiphenylsulfone"
669;6;"dichlorodiphenylsulfone"
693;5;"dichlorodiphenylsulfone"
701;5;"dichlorodiphenylsulfone"
716;8;"dichlorodiphenylsulfone"
720;6;"dichlorodiphenylsulfone"
730;7;"dichlorodiphenylsulfone"
750;7;"dichlorodiphenylsulfone"
761;5;"dichlorodiphenylsulfone"
791;5;"dichlorodiphenylsulfone"
795;4;"dichlorodiphenylsulfone"
50;216;"ethane"
51;549;"ethane"
55;324;"ethane"
56;357;"ethane"
61;42;"ethane"
62;202;"ethane"
63;269;"ethane"
64;50;"ethane"
65;119;"ethane"
68;190;"ethane"
69;510;"ethane"
70;147;"ethane"
73;202;"ethane"
74;189;"ethane"
75;407;"ethane"
76;363;"ethane"
77;402;"ethane"
78;70;"ethane"
81;328;"ethane"
82;576;"ethane"
83;257;"ethane"
84;229;"ethane"
86;152;"ethane"
87;90;"ethane"
88;104;"ethane"
89;381;"ethane"
95;148;"ethane"
96;156;"ethane"
98;126;"ethane"
99;295;"ethane"
100;122;"ethane"
101;162;"ethane"
102;115;"ethane"
103;359;"ethane"
104;117;"ethane"
106;96;"ethane"
109;328;"ethane"
110;180;"ethane"
111;114;"ethane"
112;70;"ethane"
113;79;"ethane"
114;87;"ethane"
116;32;"ethane"
126;19;"ethane"
128;53;"ethane"
137;134;"ethane"
138;69;"ethane"
139;156;"ethane"
140;26;"ethane"
144;15;"ethane"
149;39;"ethane"
150;26;"ethane"
151;197;"ethane"
152;51;"ethane"
153;23;"ethane"
154;11;"ethane"
158;27;"ethane"
159;53;"ethane"
160;19;"ethane"
161;57;"ethane"
162;33;"ethane"
163;53;"ethane"
164;164;"ethane"
165;999;"ethane"
166;138;"ethane"
169;15;"ethane"
173;30;"ethane"
176;32;"ethane"
177;33;"ethane"
178;80;"ethane"
179;114;"ethane"
180;76;"ethane"
182;31;"ethane"
189;13;"ethane"
190;41;"ethane"
199;249;"ethane"
200;141;"ethane"
201;36;"ethane"
202;27;"ethane"
203;6;"ethane"
204;14;"ethane"
211;24;"ethane"
215;83;"ethane"
216;21;"ethane"
217;82;"ethane"
218;7;"ethane"
219;23;"ethane"
221;19;"ethane"
222;22;"ethane"
223;14;"ethane"
224;12;"ethane"
226;8;"ethane"
227;14;"ethane"
229;4;"ethane"
233;5;"ethane"
234;13;"ethane"
235;743;"ethane"
236;104;"ethane"
237;503;"ethane"
238;80;"ethane"
239;61;"ethane"
240;16;"ethane"
245;7;"ethane"
246;10;"ethane"
250;180;"ethane"
251;26;"ethane"
252;131;"ethane"
253;22;"ethane"
254;20;"ethane"
263;13;"ethane"
264;7;"ethane"
265;6;"ethane"
281;20;"ethane"
283;10;"ethane"
284;7;"ethane"
286;7;"ethane"
293;7;"ethane"
318;10;"ethane"
319;7;"ethane"
321;4;"ethane"
336;8;"ethane"
369;10;"ethane"
396;7;"ethane"
400;13;"ethane"
404;12;"ethane"
409;10;"ethane"
426;5;"ethane"
432;7;"ethane"
434;8;"ethane"
443;13;"ethane"
446;6;"ethane"
447;8;"ethane"
454;12;"ethane"
456;13;"ethane"
463;10;"ethane"
465;8;"ethane"
474;7;"ethane"
480;10;"ethane"
481;6;"ethane"
482;7;"ethane"
495;7;"ethane"
508;14;"ethane"
510;7;"ethane"
514;10;"ethane"
521;8;"ethane"
528;10;"ethane"
529;7;"ethane"
530;8;"ethane"
534;10;"ethane"
535;7;"ethane"
536;14;"ethane"
537;8;"ethane"
538;8;"ethane"
560;6;"ethane"
593;5;"ethane"
598;6;"ethane"
599;6;"ethane"
612;7;"ethane"
619;7;"ethane"
629;15;"ethane"
636;5;"ethane"
638;6;"ethane"
648;10;"ethane"
649;12;"ethane"
652;5;"ethane"
661;11;"ethane"
664;7;"ethane"
680;6;"ethane"
695;5;"ethane"
702;7;"ethane"
703;5;"ethane"
709;7;"ethane"
712;8;"ethane"
719;12;"ethane"
729;6;"ethane"
732;7;"ethane"
748;10;"ethane"
749;7;"ethane"
752;8;"ethane"
753;7;"ethane"
768;6;"ethane"
776;7;"ethane"
791;5;"ethane"
51;433;"mbp"
60;67;"mbp"
61;233;"mbp"
62;516;"mbp"
63;86;"mbp"
64;45;"mbp"
71;338;"mbp"
73;410;"mbp"
74;301;"mbp"
75;203;"mbp"
76;657;"mbp"
78;266;"mbp"
83;220;"mbp"
84;197;"mbp"
85;563;"mbp"
86;265;"mbp"
87;105;"mbp"
88;66;"mbp"
94;206;"mbp"
96;130;"mbp"
97;314;"mbp"
98;137;"mbp"
99;211;"mbp"
100;105;"mbp"
101;42;"mbp"
106;695;"mbp"
108;522;"mbp"
109;438;"mbp"
110;447;"mbp"
111;133;"mbp"
112;115;"mbp"
113;62;"mbp"
114;69;"mbp"
116;60;"mbp"
118;604;"mbp"
120;382;"mbp"
121;159;"mbp"
122;260;"mbp"
126;35;"mbp"
127;228;"mbp"
128;210;"mbp"
132;323;"mbp"
134;327;"mbp"
136;82;"mbp"
140;26;"mbp"
141;614;"mbp"
142;66;"mbp"
143;613;"mbp"
144;109;"mbp"
145;239;"mbp"
146;165;"mbp"
147;208;"mbp"
148;97;"mbp"
149;147;"mbp"
153;147;"mbp"
154;32;"mbp"
155;179;"mbp"
157;110;"mbp"
158;151;"mbp"
159;137;"mbp"
160;70;"mbp"
162;62;"mbp"
164;123;"mbp"
165;91;"mbp"
166;28;"mbp"
168;28;"mbp"
169;31;"mbp"
170;116;"mbp"
171;63;"mbp"
172;48;"mbp"
173;91;"mbp"
174;31;"mbp"
175;63;"mbp"
177;73;"mbp"
181;34;"mbp"
182;71;"mbp"
183;83;"mbp"
184;287;"mbp"
185;82;"mbp"
186;64;"mbp"
190;47;"mbp"
192;14;"mbp"
194;33;"mbp"
195;33;"mbp"
197;25;"mbp"
202;17;"mbp"
203;22;"mbp"
205;42;"mbp"
206;28;"mbp"
208;50;"mbp"
209;64;"mbp"
210;31;"mbp"
211;36;"mbp"
213;61;"mbp"
215;19;"mbp"
217;12;"mbp"
218;108;"mbp"
219;145;"mbp"
220;42;"mbp"
221;36;"mbp"
223;18;"mbp"
228;14;"mbp"
229;44;"mbp"
230;3;"mbp"
231;14;"mbp"
232;12;"mbp"
235;12;"mbp"
237;10;"mbp"
240;28;"mbp"
242;44;"mbp"
243;8;"mbp"
244;98;"mbp"
245;36;"mbp"
246;77;"mbp"
247;34;"mbp"
248;29;"mbp"
250;23;"mbp"
251;11;"mbp"
252;8;"mbp"
253;67;"mbp"
254;438;"mbp"
255;67;"mbp"
256;327;"mbp"
257;94;"mbp"
259;15;"mbp"
260;25;"mbp"
264;45;"mbp"
266;56;"mbp"
268;8;"mbp"
270;8;"mbp"
273;46;"mbp"
274;17;"mbp"
275;116;"mbp"
276;31;"mbp"
277;90;"mbp"
278;61;"mbp"
279;192;"mbp"
280;69;"mbp"
281;238;"mbp"
282;52;"mbp"
283;96;"mbp"
284;25;"mbp"
286;16;"mbp"
288;69;"mbp"
289;281;"mbp"
290;97;"mbp"
291;280;"mbp"
292;82;"mbp"
293;140;"mbp"
294;52;"mbp"
295;45;"mbp"
299;15;"mbp"
301;26;"mbp"
308;15;"mbp"
309;8;"mbp"
310;41;"mbp"
312;39;"mbp"
313;55;"mbp"
314;608;"mbp"
315;231;"mbp"
316;999;"mbp"
317;232;"mbp"
318;592;"mbp"
319;144;"mbp"
320;192;"mbp"
321;23;"mbp"
322;47;"mbp"
323;6;"mbp"
333;10;"mbp"
334;15;"mbp"
338;12;"mbp"
339;11;"mbp"
343;11;"mbp"
347;7;"mbp"
349;189;"mbp"
350;67;"mbp"
351;400;"mbp"
352;81;"mbp"
353;333;"mbp"
354;58;"mbp"
355;102;"mbp"
356;31;"mbp"
357;27;"mbp"
364;6;"mbp"
365;9;"mbp"
372;9;"mbp"
374;7;"mbp"
384;48;"mbp"
385;27;"mbp"
386;158;"mbp"
387;33;"mbp"
388;139;"mbp"
389;28;"mbp"
390;80;"mbp"
392;35;"mbp"
393;8;"mbp"
394;10;"mbp"
395;8;"mbp"
398;6;"mbp"
399;10;"mbp"
410;11;"mbp"
411;11;"mbp"
433;9;"mbp"
434;6;"mbp"
476;10;"mbp"
486;7;"mbp"
499;8;"mbp"
503;9;"mbp"
515;3;"mbp"
527;11;"mbp"
529;6;"mbp"
531;6;"mbp"
535;7;"mbp"
547;6;"mbp"
551;6;"mbp"
559;8;"mbp"
563;6;"mbp"
564;6;"mbp"
565;10;"mbp"
567;9;"mbp"
577;5;"mbp"
579;9;"mbp"
580;13;"mbp"
583;6;"mbp"
587;8;"mbp"
604;8;"mbp"
606;7;"mbp"
611;6;"mbp"
616;14;"mbp"
619;9;"mbp"
621;7;"mbp"
622;9;"mbp"
628;6;"mbp"
629;7;"mbp"
634;10;"mbp"
635;5;"mbp"
644;9;"mbp"
648;7;"mbp"
659;6;"mbp"
673;8;"mbp"
678;9;"mbp"
682;8;"mbp"
683;10;"mbp"
692;6;"mbp"
696;7;"mbp"
708;5;"mbp"
766;7;"mbp"
774;7;"mbp"
775;7;"mbp"
794;6;"mbp"
59;16;"methylmercury"
64;38;"methylmercury"
100;7;"methylmercury"
101;6;"methylmercury"
102;9;"methylmercury"
127;998;"methylmercury"
128;522;"methylmercury"
139;69;"methylmercury"
140;178;"methylmercury"
141;356;"methylmercury"
142;847;"methylmercury"
143;16;"methylmercury"
150;6;"methylmercury"
158;5;"methylmercury"
170;6;"methylmercury"
172;6;"methylmercury"
198;107;"methylmercury"
199;211;"methylmercury"
200;245;"methylmercury"
201;144;"methylmercury"
202;337;"methylmercury"
203;18;"methylmercury"
204;72;"methylmercury"
207;5;"methylmercury"
210;4;"methylmercury"
211;10;"methylmercury"
212;39;"methylmercury"
213;214;"methylmercury"
214;324;"methylmercury"
215;449;"methylmercury"
216;280;"methylmercury"
217;485;"methylmercury"
218;7;"methylmercury"
219;93;"methylmercury"
234;4;"methylmercury"
237;5;"methylmercury"
259;5;"methylmercury"
306;3;"methylmercury"
308;9;"methylmercury"
312;5;"methylmercury"
319;4;"methylmercury"
321;3;"methylmercury"
324;9;"methylmercury"
325;213;"methylmercury"
326;407;"methylmercury"
327;577;"methylmercury"
328;329;"methylmercury"
329;723;"methylmercury"
330;19;"methylmercury"
331;130;"methylmercury"
332;8;"methylmercury"
333;4;"methylmercury"
339;5;"methylmercury"
340;190;"methylmercury"
341;360;"methylmercury"
342;488;"methylmercury"
343;305;"methylmercury"
344;576;"methylmercury"
345;20;"methylmercury"
346;103;"methylmercury"
347;4;"methylmercury"
423;4;"methylmercury"
428;5;"methylmercury"
432;4;"methylmercury"
433;3;"methylmercury"
438;4;"methylmercury"
441;4;"methylmercury"
447;4;"methylmercury"
453;4;"methylmercury"
457;3;"methylmercury"
459;6;"methylmercury"
485;4;"methylmercury"
493;3;"methylmercury"
535;4;"methylmercury"
542;2;"methylmercury"
555;4;"methylmercury"
568;4;"methylmercury"
574;4;"methylmercury"
589;3;"methylmercury"
597;3;"methylmercury"
601;5;"methylmercury"
607;3;"methylmercury"
608;2;"methylmercury"
624;4;"methylmercury"
628;3;"methylmercury"
636;4;"methylmercury"
637;3;"methylmercury"
638;3;"methylmercury"
641;4;"methylmercury"
651;4;"methylmercury"
655;3;"methylmercury"
662;5;"methylmercury"
668;4;"methylmercury"
674;3;"methylmercury"
713;2;"methylmercury"
719;3;"methylmercury"
725;5;"methylmercury"
727;3;"methylmercury"
732;4;"methylmercury"
735;3;"methylmercury"
742;3;"methylmercury"
745;3;"methylmercury"
747;5;"methylmercury"
750;3;"methylmercury"
752;4;"methylmercury"
765;5;"methylmercury"
769;5;"methylmercury"
773;4;"methylmercury"
780;3;"methylmercury"
794;3;"methylmercury"
50;108;"parachlorophenol"
53;75;"parachlorophenol"
60;39;"parachlorophenol"
61;64;"parachlorophenol"
62;97;"parachlorophenol"
63;259;"parachlorophenol"
64;310;"parachlorophenol"
65;749;"parachlorophenol"
66;119;"parachlorophenol"
73;189;"parachlorophenol"
74;50;"parachlorophenol"
75;93;"parachlorophenol"
93;79;"parachlorophenol"
99;26;"parachlorophenol"
100;244;"parachlorophenol"
101;48;"parachlorophenol"
112;24;"parachlorophenol"
128;999;"parachlorophenol"
129;48;"parachlorophenol"
130;317;"parachlorophenol"
131;30;"parachlorophenol"
165;1;"parachlorophenol"
180;1;"parachlorophenol"
50;52;"permethrin1"
51;229;"permethrin1"
52;32;"permethrin1"
53;42;"permethrin1"
54;6;"permethrin1"
55;88;"permethrin1"
56;4;"permethrin1"
57;7;"permethrin1"
59;2;"permethrin1"
60;3;"permethrin1"
61;9;"permethrin1"
62;16;"permethrin1"
63;87;"permethrin1"
64;38;"permethrin1"
65;115;"permethrin1"
66;18;"permethrin1"
67;23;"permethrin1"
68;5;"permethrin1"
69;9;"permethrin1"
70;2;"permethrin1"
72;2;"permethrin1"
73;44;"permethrin1"
74;10;"permethrin1"
75;41;"permethrin1"
76;33;"permethrin1"
77;298;"permethrin1"
78;62;"permethrin1"
79;34;"permethrin1"
80;9;"permethrin1"
81;13;"permethrin1"
82;5;"permethrin1"
83;36;"permethrin1"
84;4;"permethrin1"
85;30;"permethrin1"
86;4;"permethrin1"
87;32;"permethrin1"
88;4;"permethrin1"
89;160;"permethrin1"
90;76;"permethrin1"
91;272;"permethrin1"
92;34;"permethrin1"
93;34;"permethrin1"
94;11;"permethrin1"
95;9;"permethrin1"
96;4;"permethrin1"
97;5;"permethrin1"
98;3;"permethrin1"
99;16;"permethrin1"
100;6;"permethrin1"
101;10;"permethrin1"
102;6;"permethrin1"
103;6;"permethrin1"
104;2;"permethrin1"
105;15;"permethrin1"
106;3;"permethrin1"
107;15;"permethrin1"
108;2;"permethrin1"
109;39;"permethrin1"
110;1;"permethrin1"
111;31;"permethrin1"
112;8;"permethrin1"
113;21;"permethrin1"
114;6;"permethrin1"
115;88;"permethrin1"
116;16;"permethrin1"
117;7;"permethrin1"
118;1;"permethrin1"
120;3;"permethrin1"
121;11;"permethrin1"
122;2;"permethrin1"
123;11;"permethrin1"
124;1;"permethrin1"
125;16;"permethrin1"
126;5;"permethrin1"
127;171;"permethrin1"
128;81;"permethrin1"
129;91;"permethrin1"
130;14;"permethrin1"
131;10;"permethrin1"
133;4;"permethrin1"
135;1;"permethrin1"
136;1;"permethrin1"
137;3;"permethrin1"
138;1;"permethrin1"
139;14;"permethrin1"
140;6;"permethrin1"
141;20;"permethrin1"
142;5;"permethrin1"
143;2;"permethrin1"
144;4;"permethrin1"
145;2;"permethrin1"
146;1;"permethrin1"
147;5;"permethrin1"
148;1;"permethrin1"
149;8;"permethrin1"
150;3;"permethrin1"
151;13;"permethrin1"
152;29;"permethrin1"
153;73;"permethrin1"
154;37;"permethrin1"
155;52;"permethrin1"
156;9;"permethrin1"
157;3;"permethrin1"
160;1;"permethrin1"
161;2;"permethrin1"
162;4;"permethrin1"
163;286;"permethrin1"
164;27;"permethrin1"
165;257;"permethrin1"
166;26;"permethrin1"
167;33;"permethrin1"
168;81;"permethrin1"
169;15;"permethrin1"
170;2;"permethrin1"
171;4;"permethrin1"
173;1;"permethrin1"
178;1;"permethrin1"
179;1;"permethrin1"
180;2;"permethrin1"
181;47;"permethrin1"
182;32;"permethrin1"
183;999;"permethrin1"
184;159;"permethrin1"
185;17;"permethrin1"
186;1;"permethrin1"
187;1;"permethrin1"
191;4;"permethrin1"
193;2;"permethrin1"
197;3;"permethrin1"
198;1;"permethrin1"
199;2;"permethrin1"
207;1;"permethrin1"
217;1;"permethrin1"
218;7;"permethrin1"
219;2;"permethrin1"
220;2;"permethrin1"
223;1;"permethrin1"
242;1;"permethrin1"
250;1;"permethrin1"
254;2;"permethrin1"
255;14;"permethrin1"
256;2;"permethrin1"
257;4;"permethrin1"
265;2;"permethrin1"
273;1;"permethrin1"
275;1;"permethrin1"
290;2;"permethrin1"
291;1;"permethrin1"
292;1;"permethrin1"
293;1;"permethrin1"
311;4;"permethrin1"
312;1;"permethrin1"
313;1;"permethrin1"
318;1;"permethrin1"
319;1;"permethrin1"
324;1;"permethrin1"
354;2;"permethrin1"
355;1;"permethrin1"
357;1;"permethrin1"
390;2;"permethrin1"
392;2;"permethrin1"
50;53;"permethrin2"
51;257;"permethrin2"
52;42;"permethrin2"
53;39;"permethrin2"
54;8;"permethrin2"
55;76;"permethrin2"
56;4;"permethrin2"
59;1;"permethrin2"
60;1;"permethrin2"
61;9;"permethrin2"
62;16;"permethrin2"
63;97;"permethrin2"
64;37;"permethrin2"
65;128;"permethrin2"
66;19;"permethrin2"
67;18;"permethrin2"
68;3;"permethrin2"
70;1;"permethrin2"
73;58;"permethrin2"
74;11;"permethrin2"
75;55;"permethrin2"
76;38;"permethrin2"
77;349;"permethrin2"
78;71;"permethrin2"
79;35;"permethrin2"
80;7;"permethrin2"
81;5;"permethrin2"
82;4;"permethrin2"
83;36;"permethrin2"
84;4;"permethrin2"
85;40;"permethrin2"
86;3;"permethrin2"
87;36;"permethrin2"
88;5;"permethrin2"
89;196;"permethrin2"
90;93;"permethrin2"
91;337;"permethrin2"
92;40;"permethrin2"
93;42;"permethrin2"
94;16;"permethrin2"
95;10;"permethrin2"
96;4;"permethrin2"
97;2;"permethrin2"
98;1;"permethrin2"
99;19;"permethrin2"
100;7;"permethrin2"
101;12;"permethrin2"
102;7;"permethrin2"
103;8;"permethrin2"
104;2;"permethrin2"
105;8;"permethrin2"
106;2;"permethrin2"
107;10;"permethrin2"
108;2;"permethrin2"
109;46;"permethrin2"
110;1;"permethrin2"
111;37;"permethrin2"
112;10;"permethrin2"
113;19;"permethrin2"
114;7;"permethrin2"
115;104;"permethrin2"
116;17;"permethrin2"
117;3;"permethrin2"
118;1;"permethrin2"
119;2;"permethrin2"
120;2;"permethrin2"
121;15;"permethrin2"
122;2;"permethrin2"
123;16;"permethrin2"
125;20;"permethrin2"
126;6;"permethrin2"
127;246;"permethrin2"
128;98;"permethrin2"
129;124;"permethrin2"
130;20;"permethrin2"
131;7;"permethrin2"
135;2;"permethrin2"
137;1;"permethrin2"
138;1;"permethrin2"
139;15;"permethrin2"
140;7;"permethrin2"
141;22;"permethrin2"
142;4;"permethrin2"
143;4;"permethrin2"
144;5;"permethrin2"
145;2;"permethrin2"
148;1;"permethrin2"
149;7;"permethrin2"
150;2;"permethrin2"
151;11;"permethrin2"
152;32;"permethrin2"
153;82;"permethrin2"
154;38;"permethrin2"
155;48;"permethrin2"
156;10;"permethrin2"
157;1;"permethrin2"
162;3;"permethrin2"
163;437;"permethrin2"
164;41;"permethrin2"
165;362;"permethrin2"
166;36;"permethrin2"
167;42;"permethrin2"
168;94;"permethrin2"
169;18;"permethrin2"
170;2;"permethrin2"
171;5;"permethrin2"
181;42;"permethrin2"
182;34;"permethrin2"
183;999;"permethrin2"
184;176;"permethrin2"
185;12;"permethrin2"
186;1;"permethrin2"
191;2;"permethrin2"
193;1;"permethrin2"
197;2;"permethrin2"
198;1;"permethrin2"
199;1;"permethrin2"
200;2;"permethrin2"
217;1;"permethrin2"
218;5;"permethrin2"
219;1;"permethrin2"
220;2;"permethrin2"
223;2;"permethrin2"
242;1;"permethrin2"
254;2;"permethrin2"
255;12;"permethrin2"
256;3;"permethrin2"
257;5;"permethrin2"
265;2;"permethrin2"
273;1;"permethrin2"
290;3;"permethrin2"
291;1;"permethrin2"
292;1;"permethrin2"
293;1;"permethrin2"
311;5;"permethrin2"
313;1;"permethrin2"
319;1;"permethrin2"
354;1;"permethrin2"
355;1;"permethrin2"
390;4;"permethrin2"
392;2;"permethrin2"
50;145;"TCPM"
51;63;"TCPM"
52;9;"TCPM"
57;37;"TCPM"
59;3;"TCPM"
60;14;"TCPM"
62;35;"TCPM"
63;277;"TCPM"
70;18;"TCPM"
72;14;"TCPM"
73;126;"TCPM"
74;124;"TCPM"
75;254;"TCPM"
79;46;"TCPM"
81;183;"TCPM"
82;59;"TCPM"
83;21;"TCPM"
84;14;"TCPM"
85;57;"TCPM"
86;44;"TCPM"
87;30;"TCPM"
88;44;"TCPM"
93;56;"TCPM"
94;23;"TCPM"
95;20;"TCPM"
96;24;"TCPM"
97;71;"TCPM"
98;49;"TCPM"
99;59;"TCPM"
100;41;"TCPM"
101;34;"TCPM"
102;12;"TCPM"
104;12;"TCPM"
105;67;"TCPM"
106;19;"TCPM"
107;63;"TCPM"
109;7;"TCPM"
110;21;"TCPM"
111;69;"TCPM"
112;29;"TCPM"
113;48;"TCPM"
114;31;"TCPM"
115;29;"TCPM"
117;70;"TCPM"
118;122;"TCPM"
120;445;"TCPM"
123;34;"TCPM"
124;15;"TCPM"
125;41;"TCPM"
126;23;"TCPM"
130;9;"TCPM"
135;37;"TCPM"
136;22;"TCPM"
137;89;"TCPM"
138;100;"TCPM"
139;30;"TCPM"
140;11;"TCPM"
142;6;"TCPM"
143;26;"TCPM"
147;2;"TCPM"
151;20;"TCPM"
152;10;"TCPM"
153;1;"TCPM"
154;4;"TCPM"
155;26;"TCPM"
156;10;"TCPM"
157;29;"TCPM"
160;21;"TCPM"
161;47;"TCPM"
162;67;"TCPM"
163;409;"TCPM"
164;316;"TCPM"
165;999;"TCPM"
166;139;"TCPM"
167;21;"TCPM"
173;43;"TCPM"
175;18;"TCPM"
182;1;"TCPM"
185;10;"TCPM"
186;16;"TCPM"
187;20;"TCPM"
188;16;"TCPM"
189;19;"TCPM"
190;4;"TCPM"
192;1;"TCPM"
195;4;"TCPM"
196;1;"TCPM"
198;15;"TCPM"
199;886;"TCPM"
200;221;"TCPM"
201;315;"TCPM"
202;70;"TCPM"
203;11;"TCPM"
210;4;"TCPM"
211;9;"TCPM"
213;22;"TCPM"
220;1;"TCPM"
225;5;"TCPM"
226;1;"TCPM"
233;87;"TCPM"
234;72;"TCPM"
235;316;"TCPM"
236;89;"TCPM"
237;152;"TCPM"
238;57;"TCPM"
239;205;"TCPM"
240;87;"TCPM"
241;106;"TCPM"
242;21;"TCPM"
243;3;"TCPM"
249;4;"TCPM"
260;4;"TCPM"
272;2;"TCPM"
273;10;"TCPM"
274;4;"TCPM"
275;71;"TCPM"
276;48;"TCPM"
277;34;"TCPM"
278;17;"TCPM"
280;1;"TCPM"
287;3;"TCPM"
295;1;"TCPM"
309;6;"TCPM"
311;615;"TCPM"
312;165;"TCPM"
313;416;"TCPM"
314;98;"TCPM"
315;57;"TCPM"
316;19;"TCPM"
317;5;"TCPM"
328;1;"TCPM"
330;1;"TCPM"
331;1;"TCPM"
345;12;"TCPM"
346;175;"TCPM"
347;43;"TCPM"
348;166;"TCPM"
349;35;"TCPM"
350;47;"TCPM"
351;9;"TCPM"
352;5;"TCPM"
353;2;"TCPM"
356;1;"TCPM"
358;1;"TCPM"
359;1;"TCPM"
365;1;"TCPM"
367;1;"TCPM"
385;1;"TCPM"
389;2;"TCPM"
648;1;"TCPM"
655;1;"TCPM"
656;1;"TCPM"
737;1;"TCPM"
765;1;"TCPM"
781;1;"TCPM"
50;83;"TCPMOH"
51;57;"TCPMOH"
52;7;"TCPMOH"
53;18;"TCPMOH"
60;1;"TCPMOH"
61;8;"TCPMOH"
62;8;"TCPMOH"
63;26;"TCPMOH"
64;1;"TCPMOH"
67;18;"TCPMOH"
70;1;"TCPMOH"
74;32;"TCPMOH"
75;194;"TCPMOH"
76;60;"TCPMOH"
77;53;"TCPMOH"
78;5;"TCPMOH"
79;17;"TCPMOH"
86;7;"TCPMOH"
87;17;"TCPMOH"
89;3;"TCPMOH"
90;4;"TCPMOH"
92;8;"TCPMOH"
93;27;"TCPMOH"
94;9;"TCPMOH"
95;3;"TCPMOH"
97;9;"TCPMOH"
98;1;"TCPMOH"
99;9;"TCPMOH"
100;3;"TCPMOH"
101;3;"TCPMOH"
104;21;"TCPMOH"
105;24;"TCPMOH"
107;23;"TCPMOH"
108;11;"TCPMOH"
110;5;"TCPMOH"
111;373;"TCPMOH"
112;37;"TCPMOH"
113;112;"TCPMOH"
114;13;"TCPMOH"
116;3;"TCPMOH"
117;11;"TCPMOH"
118;8;"TCPMOH"
119;13;"TCPMOH"
120;11;"TCPMOH"
122;1;"TCPMOH"
125;6;"TCPMOH"
126;5;"TCPMOH"
127;3;"TCPMOH"
137;6;"TCPMOH"
138;5;"TCPMOH"
139;998;"TCPMOH"
140;82;"TCPMOH"
141;317;"TCPMOH"
142;22;"TCPMOH"
150;10;"TCPMOH"
151;12;"TCPMOH"
152;39;"TCPMOH"
153;5;"TCPMOH"
157;5;"TCPMOH"
160;1;"TCPMOH"
161;5;"TCPMOH"
162;2;"TCPMOH"
163;29;"TCPMOH"
164;1;"TCPMOH"
165;4;"TCPMOH"
171;5;"TCPMOH"
172;1;"TCPMOH"
174;2;"TCPMOH"
175;1;"TCPMOH"
181;2;"TCPMOH"
186;6;"TCPMOH"
187;7;"TCPMOH"
188;3;"TCPMOH"
192;1;"TCPMOH"
198;2;"TCPMOH"
199;11;"TCPMOH"
215;9;"TCPMOH"
218;1;"TCPMOH"
222;19;"TCPMOH"
223;9;"TCPMOH"
224;11;"TCPMOH"
225;5;"TCPMOH"
226;4;"TCPMOH"
227;2;"TCPMOH"
233;2;"TCPMOH"
234;1;"TCPMOH"
235;5;"TCPMOH"
237;7;"TCPMOH"
238;2;"TCPMOH"
239;15;"TCPMOH"
240;3;"TCPMOH"
247;1;"TCPMOH"
249;2;"TCPMOH"
250;4;"TCPMOH"
251;143;"TCPMOH"
252;22;"TCPMOH"
253;98;"TCPMOH"
254;11;"TCPMOH"
255;16;"TCPMOH"
256;1;"TCPMOH"
260;1;"TCPMOH"
262;1;"TCPMOH"
273;1;"TCPMOH"
275;3;"TCPMOH"
311;2;"TCPMOH"
313;1;"TCPMOH"
326;1;"TCPMOH"
327;3;"TCPMOH"
328;1;"TCPMOH"
329;2;"TCPMOH"
347;1;"TCPMOH"
354;1;"TCPMOH"
362;6;"TCPMOH"
363;2;"TCPMOH"
364;7;"TCPMOH"
365;1;"TCPMOH"
366;2;"TCPMOH"
367;1;"TCPMOH"
369;1;"TCPMOH"
386;1;"TCPMOH"
50;417;"triclosan"
51;998;"triclosan"
52;133;"triclosan"
53;334;"triclosan"
54;16;"triclosan"
60;68;"triclosan"
61;164;"triclosan"
62;324;"triclosan"
63;983;"triclosan"
64;79;"triclosan"
65;15;"triclosan"
66;24;"triclosan"
68;20;"triclosan"
71;39;"triclosan"
72;68;"triclosan"
73;472;"triclosan"
74;417;"triclosan"
75;514;"triclosan"
76;47;"triclosan"
77;66;"triclosan"
78;14;"triclosan"
79;449;"triclosan"
83;34;"triclosan"
84;84;"triclosan"
85;113;"triclosan"
86;226;"triclosan"
87;192;"triclosan"
89;69;"triclosan"
90;13;"triclosan"
91;39;"triclosan"
97;61;"triclosan"
98;202;"triclosan"
99;164;"triclosan"
100;75;"triclosan"
101;70;"triclosan"
104;3;"triclosan"
107;37;"triclosan"
108;34;"triclosan"
109;279;"triclosan"
110;84;"triclosan"
111;180;"triclosan"
112;34;"triclosan"
113;32;"triclosan"
114;960;"triclosan"
115;544;"triclosan"
116;324;"triclosan"
117;161;"triclosan"
118;11;"triclosan"
122;7;"triclosan"
123;42;"triclosan"
124;15;"triclosan"
125;45;"triclosan"
126;246;"triclosan"
127;89;"triclosan"
128;32;"triclosan"
131;9;"triclosan"
133;81;"triclosan"
135;77;"triclosan"
137;12;"triclosan"
138;6;"triclosan"
139;10;"triclosan"
142;69;"triclosan"
143;234;"triclosan"
144;60;"triclosan"
145;131;"triclosan"
146;755;"triclosan"
147;113;"triclosan"
148;474;"triclosan"
149;49;"triclosan"
150;57;"triclosan"
152;4;"triclosan"
154;1;"triclosan"
155;59;"triclosan"
156;12;"triclosan"
160;22;"triclosan"
161;60;"triclosan"
162;142;"triclosan"
163;39;"triclosan"
164;64;"triclosan"
166;5;"triclosan"
170;3;"triclosan"
173;25;"triclosan"
183;9;"triclosan"
189;92;"triclosan"
190;21;"triclosan"
191;31;"triclosan"
196;5;"triclosan"
198;7;"triclosan"
199;5;"triclosan"
208;1;"triclosan"
210;4;"triclosan"
217;21;"triclosan"
218;790;"triclosan"
219;146;"triclosan"
220;236;"triclosan"
221;30;"triclosan"
223;3;"triclosan"
224;5;"triclosan"
225;11;"triclosan"
227;4;"triclosan"
228;3;"triclosan"
231;2;"triclosan"
232;1;"triclosan"
239;4;"triclosan"
244;2;"triclosan"
252;63;"triclosan"
253;126;"triclosan"
254;69;"triclosan"
255;87;"triclosan"
256;24;"triclosan"
257;10;"triclosan"
260;2;"triclosan"
263;1;"triclosan"
268;1;"triclosan"
269;2;"triclosan"
273;2;"triclosan"
280;1;"triclosan"
282;45;"triclosan"
286;28;"triclosan"
288;436;"triclosan"
289;58;"triclosan"
290;406;"triclosan"
291;37;"triclosan"
292;124;"triclosan"
293;9;"triclosan"
331;2;"triclosan"
366;1;"triclosan"
387;1;"triclosan"
403;1;"triclosan"
451;1;"triclosan"
516;1;"triclosan"
525;1;"triclosan"
554;1;"triclosan"
580;1;"triclosan"
583;1;"triclosan"
584;1;"triclosan"
588;1;"triclosan"
593;1;"triclosan"
602;1;"triclosan"
603;1;"triclosan"
604;1;"triclosan"
605;1;"triclosan"
610;1;"triclosan"
623;1;"triclosan"
626;1;"triclosan"
628;1;"triclosan"
629;1;"triclosan"
630;1;"triclosan"
638;1;"triclosan"
640;1;"triclosan"
654;1;"triclosan"
662;1;"triclosan"
666;1;"triclosan"
667;1;"triclosan"
679;1;"triclosan"
684;1;"triclosan"
692;1;"triclosan"
695;1;"triclosan"
697;1;"triclosan"
698;1;"triclosan"
699;1;"triclosan"
711;1;"triclosan"
719;1;"triclosan"
722;1;"triclosan"
726;1;"triclosan"
731;1;"triclosan"
732;1;"triclosan"
735;1;"triclosan"
757;1;"triclosan"
759;1;"triclosan"
760;1;"triclosan"
768;1;"triclosan"
770;1;"triclosan"
772;1;"triclosan"
776;1;"triclosan"
779;1;"triclosan"
793;1;"triclosan"
53;453;"unknown1"
54;403;"unknown1"
60;84;"unknown1"
64;120;"unknown1"
65;998;"unknown1"
71;377;"unknown1"
87;61;"unknown1"
96;250;"unknown1"
97;300;"unknown1"
98;99;"unknown1"
109;394;"unknown1"
117;161;"unknown1"
123;154;"unknown1"
124;61;"unknown1"
129;53;"unknown1"
137;148;"unknown1"
144;10;"unknown1"
146;63;"unknown1"
151;71;"unknown1"
154;30;"unknown1"
166;344;"unknown1"
172;408;"unknown1"
174;424;"unknown1"
187;15;"unknown1"
298;10;"unknown1"
320;14;"unknown1"
388;11;"unknown1"
390;18;"unknown1"
395;17;"unknown1"
400;10;"unknown1"
433;10;"unknown1"
437;10;"unknown1"
447;8;"unknown1"
454;11;"unknown1"
468;8;"unknown1"
469;12;"unknown1"
476;8;"unknown1"
485;12;"unknown1"
490;7;"unknown1"
512;8;"unknown1"
514;10;"unknown1"
517;10;"unknown1"
540;8;"unknown1"
543;10;"unknown1"
547;17;"unknown1"
569;4;"unknown1"
572;8;"unknown1"
575;7;"unknown1"
581;7;"unknown1"
582;10;"unknown1"
586;11;"unknown1"
595;12;"unknown1"
598;8;"unknown1"
603;14;"unknown1"
640;8;"unknown1"
794;14;"unknown1"
797;4;"unknown1"
50;59;"unknown2A"
51;267;"unknown2A"
52;34;"unknown2A"
53;36;"unknown2A"
54;13;"unknown2A"
55;47;"unknown2A"
56;3;"unknown2A"
57;5;"unknown2A"
58;10;"unknown2A"
59;27;"unknown2A"
60;3;"unknown2A"
61;2;"unknown2A"
62;7;"unknown2A"
63;38;"unknown2A"
64;38;"unknown2A"
65;106;"unknown2A"
66;38;"unknown2A"
67;78;"unknown2A"
68;29;"unknown2A"
69;70;"unknown2A"
70;4;"unknown2A"
71;2;"unknown2A"
72;2;"unknown2A"
74;6;"unknown2A"
75;10;"unknown2A"
76;40;"unknown2A"
77;661;"unknown2A"
78;67;"unknown2A"
79;22;"unknown2A"
80;4;"unknown2A"
81;10;"unknown2A"
82;11;"unknown2A"
83;45;"unknown2A"
84;7;"unknown2A"
85;8;"unknown2A"
86;1;"unknown2A"
88;1;"unknown2A"
89;9;"unknown2A"
90;9;"unknown2A"
91;49;"unknown2A"
92;20;"unknown2A"
93;200;"unknown2A"
94;30;"unknown2A"
95;6;"unknown2A"
96;3;"unknown2A"
97;1;"unknown2A"
98;2;"unknown2A"
99;3;"unknown2A"
100;1;"unknown2A"
101;1;"unknown2A"
102;3;"unknown2A"
103;23;"unknown2A"
104;34;"unknown2A"
105;9;"unknown2A"
106;20;"unknown2A"
107;2;"unknown2A"
108;2;"unknown2A"
109;20;"unknown2A"
110;7;"unknown2A"
111;259;"unknown2A"
112;24;"unknown2A"
113;4;"unknown2A"
115;34;"unknown2A"
116;16;"unknown2A"
117;49;"unknown2A"
118;199;"unknown2A"
119;31;"unknown2A"
120;24;"unknown2A"
121;8;"unknown2A"
123;1;"unknown2A"
124;1;"unknown2A"
125;8;"unknown2A"
126;1;"unknown2A"
127;4;"unknown2A"
128;23;"unknown2A"
129;15;"unknown2A"
130;24;"unknown2A"
131;11;"unknown2A"
132;15;"unknown2A"
133;4;"unknown2A"
134;1;"unknown2A"
139;1;"unknown2A"
140;1;"unknown2A"
141;12;"unknown2A"
142;23;"unknown2A"
143;55;"unknown2A"
144;47;"unknown2A"
145;7;"unknown2A"
146;13;"unknown2A"
147;2;"unknown2A"
149;1;"unknown2A"
152;1;"unknown2A"
153;4;"unknown2A"
154;5;"unknown2A"
155;3;"unknown2A"
156;14;"unknown2A"
157;22;"unknown2A"
158;46;"unknown2A"
159;16;"unknown2A"
160;30;"unknown2A"
161;5;"unknown2A"
163;1;"unknown2A"
167;3;"unknown2A"
168;5;"unknown2A"
169;1;"unknown2A"
170;8;"unknown2A"
171;2;"unknown2A"
172;4;"unknown2A"
173;1;"unknown2A"
174;46;"unknown2A"
175;9;"unknown2A"
176;1;"unknown2A"
184;10;"unknown2A"
185;9;"unknown2A"
186;999;"unknown2A"
187;173;"unknown2A"
188;250;"unknown2A"
189;29;"unknown2A"
190;1;"unknown2A"
197;2;"unknown2A"
199;1;"unknown2A"
202;174;"unknown2A"
203;27;"unknown2A"
204;2;"unknown2A"
214;1;"unknown2A"
230;12;"unknown2A"
231;2;"unknown2A"
244;2;"unknown2A"
245;151;"unknown2A"
246;27;"unknown2A"
247;3;"unknown2A"
50;36;"unknown2B"
51;206;"unknown2B"
52;21;"unknown2B"
53;28;"unknown2B"
54;11;"unknown2B"
55;45;"unknown2B"
56;18;"unknown2B"
57;33;"unknown2B"
58;4;"unknown2B"
59;14;"unknown2B"
60;1;"unknown2B"
61;1;"unknown2B"
62;5;"unknown2B"
63;25;"unknown2B"
64;28;"unknown2B"
65;79;"unknown2B"
66;29;"unknown2B"
67;55;"unknown2B"
68;20;"unknown2B"
69;50;"unknown2B"
70;4;"unknown2B"
72;2;"unknown2B"
73;1;"unknown2B"
74;7;"unknown2B"
75;9;"unknown2B"
76;30;"unknown2B"
77;544;"unknown2B"
78;50;"unknown2B"
79;8;"unknown2B"
80;4;"unknown2B"
81;8;"unknown2B"
82;11;"unknown2B"
83;38;"unknown2B"
84;5;"unknown2B"
88;1;"unknown2B"
89;8;"unknown2B"
90;7;"unknown2B"
91;34;"unknown2B"
92;14;"unknown2B"
93;196;"unknown2B"
94;26;"unknown2B"
95;11;"unknown2B"
96;3;"unknown2B"
97;4;"unknown2B"
102;1;"unknown2B"
103;16;"unknown2B"
104;26;"unknown2B"
105;4;"unknown2B"
106;14;"unknown2B"
109;18;"unknown2B"
110;6;"unknown2B"
111;227;"unknown2B"
112;20;"unknown2B"
113;2;"unknown2B"
114;1;"unknown2B"
115;27;"unknown2B"
116;11;"unknown2B"
117;32;"unknown2B"
118;182;"unknown2B"
119;25;"unknown2B"
120;23;"unknown2B"
121;3;"unknown2B"
125;3;"unknown2B"
127;3;"unknown2B"
128;19;"unknown2B"
129;8;"unknown2B"
130;21;"unknown2B"
131;2;"unknown2B"
132;10;"unknown2B"
133;2;"unknown2B"
134;1;"unknown2B"
139;6;"unknown2B"
140;1;"unknown2B"
141;9;"unknown2B"
142;17;"unknown2B"
143;45;"unknown2B"
144;39;"unknown2B"
145;6;"unknown2B"
146;8;"unknown2B"
147;5;"unknown2B"
148;1;"unknown2B"
149;4;"unknown2B"
154;4;"unknown2B"
156;13;"unknown2B"
157;17;"unknown2B"
158;40;"unknown2B"
159;12;"unknown2B"
160;23;"unknown2B"
161;4;"unknown2B"
162;1;"unknown2B"
166;2;"unknown2B"
167;6;"unknown2B"
168;6;"unknown2B"
169;1;"unknown2B"
170;9;"unknown2B"
171;2;"unknown2B"
172;4;"unknown2B"
174;35;"unknown2B"
175;6;"unknown2B"
184;9;"unknown2B"
185;9;"unknown2B"
186;999;"unknown2B"
187;169;"unknown2B"
188;221;"unknown2B"
189;26;"unknown2B"
190;1;"unknown2B"
202;157;"unknown2B"
203;24;"unknown2B"
204;2;"unknown2B"
244;6;"unknown2B"
245;1;"unknown2B"
258;1;"unknown2B"
259;103;"unknown2B"
260;19;"unknown2B"
261;1;"unknown2B"
56;726;"unknown3"
59;218;"unknown3"
73;888;"unknown3"
74;616;"unknown3"
85;999;"unknown3"
86;510;"unknown3"
98;525;"unknown3"
109;758;"unknown3"
110;488;"unknown3"
112;209;"unknown3"
122;564;"unknown3"
137;51;"unknown3"
138;30;"unknown3"
140;118;"unknown3"
148;248;"unknown3"
210;166;"unknown3"
244;51;"unknown3"
246;71;"unknown3"
247;19;"unknown3"
262;47;"unknown3"
267;15;"unknown3"
268;38;"unknown3"
280;423;"unknown3"
281;51;"unknown3"
282;438;"unknown3"
283;51;"unknown3"
284;86;"unknown3"
288;480;"unknown3"
299;25;"unknown3"
305;19;"unknown3"
319;12;"unknown3"
339;17;"unknown3"
344;17;"unknown3"
350;110;"unknown3"
351;36;"unknown3"
352;190;"unknown3"
353;54;"unknown3"
354;108;"unknown3"
355;45;"unknown3"
378;19;"unknown3"
386;25;"unknown3"
399;12;"unknown3"
432;12;"unknown3"
475;12;"unknown3"
477;15;"unknown3"
494;19;"unknown3"
499;15;"unknown3"
543;19;"unknown3"
553;6;"unknown3"
554;12;"unknown3"
575;12;"unknown3"
580;15;"unknown3"
585;12;"unknown3"
604;17;"unknown3"
606;17;"unknown3"
611;19;"unknown3"
619;21;"unknown3"
621;23;"unknown3"
625;10;"unknown3"
635;12;"unknown3"
642;19;"unknown3"
643;12;"unknown3"
644;12;"unknown3"
647;10;"unknown3"
648;15;"unknown3"
651;12;"unknown3"
658;19;"unknown3"
659;12;"unknown3"
660;12;"unknown3"
665;19;"unknown3"
668;32;"unknown3"
669;23;"unknown3"
670;17;"unknown3"
671;10;"unknown3"
672;10;"unknown3"
685;25;"unknown3"
688;21;"unknown3"
703;28;"unknown3"
725;15;"unknown3"
737;21;"unknown3"
741;12;"unknown3"
767;12;"unknown3"
774;17;"unknown3"
777;19;"unknown3"
792;12;"unknown3"
